{"cameraMode":{"drawMode":0,"name":"Shaded","section":"Shading Mode"},"sceneLighting":false,"audioPlay":false,"sceneViewState":{"m_AlwaysRefresh":false,"showFog":true,"showSkybox":false,"showFlares":true,"showImageEffects":true,"showParticleSystems":true,"showVisualEffectGraphs":true,"m_FxEnabled":true},"in2DMode":false,"pivot":{"x":-21.931392669677736,"y":18.971742630004884,"z":-10.963255882263184},"rotation":{"x":-0.05693607032299042,"y":-0.11212878674268723,"z":0.00631351862102747,"w":-0.9921104311943054},"size":42.56435775756836,"orthographic":false}