{"cameraMode":{"drawMode":0,"name":"Shaded","section":"Shading Mode"},"sceneLighting":false,"audioPlay":false,"sceneViewState":{"m_AlwaysRefresh":false,"showFog":true,"showSkybox":false,"showFlares":true,"showImageEffects":true,"showParticleSystems":true,"showVisualEffectGraphs":true,"m_FxEnabled":true},"in2DMode":false,"pivot":{"x":-9.700000762939454,"y":-15.799999237060547,"z":1.0999999046325684},"rotation":{"x":0.5894054174423218,"y":-0.004582414869219065,"z":0.003371481318026781,"w":0.8078560829162598},"size":0.8660251498222351,"orthographic":false}